name,trace_sha256,summary_sha256,events_sha256,accepted,delivered,source_overrun
core_sparse_identity,5258daa401e16ffccfe80e47a7bc3b3dcf313883a2098929d129a178ec5e6b80,c75d777035386385ef1870b843bdb105ef4f4fd8d6d61d13ca0f0fee74f02e3f,6279b9ebbebe853ad0109a40ab16c65a100bc7046371499d07ae8044c74a73f2,16,16,0
core_sparse_rotate180,afc988806e810c026947341813ec989570f1b469c0189c12f6e09b3faaa1e93f,277c1c7254e723d008f3d4835cd3114c629605cf9788204bbbd71979c5a7a3a8,41e3a39c9c914a50d3e953bf5889373f8ef4161a6f2b236cff89989802dc5ec0,16,16,0
core_simultaneous_identity,a9a81664fc2117e72df8739b816eaffdeb8a4ab734576ab7c96336d0d232f045,4766cefff69af909697461f7ee4aa31e3ec504871362955b84c54a7f7cff8c09,56d829c4e1de7cdb685ca5677ac716d235dbef69c4934083db9e653b02dd41a4,16,16,0
uniform_l0p125_s2001,850e064e2dfe61567e4fd275fb2c200ec23b995f810f4fa40c87322e640e4ffc,dc3d8a41327748bcb5e43953837e1105aab7eeda5066d1842990e6230fc4205d,168d4a8d454c40fdf3036498e0b47a70ff22dc41ba4fc402d22810935f8ee829,251,251,0
uniform_l0p125_s2002,e1a7cdc62d914a7e0b92d4cd3e9d7289655e8ad0eb27b513b6859bef694c741d,60b5628ccce7895e51b7bce8848867b3d669585abd0b9e8534a6468bd4f5bc7d,cba9334c4028b4a39863216a9ed82a1e0d05aeeab336e86c0674a8dda7a39e9a,261,261,0
uniform_l0p125_s2003,cecd8707640657715f9b69c57640a49aa5777bb7d3aea61d7038e07b114f9528,d720b0d3955fd5642863a85d4de50de37a0898d52a66f57def19864ea69ebeba,a3c7e5c02bb1801147a58ec39856720098e1e5fc31176337ad5232efa865cddc,231,231,0
uniform_l0p50_s2001,5e897c984eaf929c1b3af994c9776a5d776abc82e78b2660bb90ea5169cb76ab,b4e28917c3b7a390ed2fbd38679c2acdc9d219639b4a6ff2a709a6faf486534b,e9b041e243c3fbaa5cc6e83320c1d86783bb8118dbbe0ab71042eef350ff41e1,982,982,0
uniform_l0p50_s2002,a3049c9c22c391dd3447362a260e149dd12da4debd43ddb8dc452de01d2fc6e2,cb7128828c4b6977aca113958ad7b3c60c23aa256bdd017daed180ae8d321333,8a85c4597538a236b17749be78249032bb08977f76d5350de2c694bee8990073,1038,1038,0
uniform_l0p50_s2003,d5811bc9e953d5e617818235b119d302429f6edd99978315ad3d5195388672d1,75c3ab918a4e3c01d353dacf9439c9d134e401f56401b09d6bde37f916ccb999,3df6bdac57ecf49a46deaabe33c4da708de15c75426be79144c29bdb38e4ebc4,1032,1032,0
uniform_l0p90_s2001,b5324f571be19993e812191adf744a5b7d0626b5a9030592d29e2e7ce401b4a8,8a53b6e4f6cdab5299f04b5a261071a5c2324be9c9babc0ec98a5a99ea82cd4b,94d612c610c16388ebe5f4e141fd777686a286ce30a8863bb18d109085acca69,1868,1868,0
uniform_l0p90_s2002,c2698ed1703f87d3f3081584c7f7ca7cfe2b345ce1e477247c70dbc1948bc569,1982c8a0b0eeba20245a88d11dca1b4e648b694748612a59a2961bad13f73601,6b6cf64bc5eee24c08932d9b2a75cc81d8d707257f3e7337822804ae1486bffe,1851,1851,0
uniform_l0p90_s2003,c11484a731935911ade2028a2c7bdce20604278c9f8862491166b3276a677be6,9c1468f7c0cbcbdfa9b0f86f23599214fa815ada05748b8fb5b8c2a5253951db,5a922113d58a86f395a655144bc20aca0553afec43d163a7e6e0ed39216a6b8b,1837,1837,0
uniform_l1p00_s2001,8554d7917b4a06bbc2e0dd1fc3e06286182a0bf64dff8de01883d2674ecb737d,006b0f842ba8b5950fd02c49c459850a11f3ded31896a80e4138bf1c2dd0c8bc,bb0a0d9cc88b5fc1b18423b7fbcf008f21a4d82db8112af007feb4d8b5dd7959,2048,2048,0
uniform_l1p00_s2002,262f9f91597666910d43bfb5e4a6e9a999272207c22e07f0449ccac707348a5d,25eccb77b38c6ab943bd22c80d2360df0b8cd4c629c842398049a67c4b2449a8,050233c4cb75b5daebd54cde054c72dec24f871c9df3a9cad541394302f5a708,2048,2048,0
uniform_l1p00_s2003,513b8baed3695aed416b8c8fd15808cb5047b006e60bd606d439f73948a8b399,2359d54bead60a4b82c6da05820ac29769972388d88416cff40c3fe19be14bca,d734586e4ffddcbe60ddbca53ed4df05329ba6ce1f4f08143e11a2a9ac28d1b3,2048,2048,0
uniform_l1p25_s2001,a77a87fb0f1a081c183460d5f5f9274fd19114f0d4ae06d4c97360d243661090,111de4c427d2ca27e09d1853e8657fb437d1bfe67cd9cf178af51bd1ad1fbb04,cd6e71c68614a0f27e2a045a9039a576783b29a7b5128d446735b58c903ca605,2051,2051,485
uniform_l1p25_s2002,d73514e45ecfec672b2f2034c9ccf1f6c7d040e4ca228015c2fb664a81c4f5bb,5e3f580600141dc14d3dfd6a807f5ec46cfd37cee7466b3af1c777d02d753240,26357ba19db44fe9bf7a4a4979cb8fee0a40ab27672d4bea711d35130b7e1b99,2050,2050,524
uniform_l1p25_s2003,d3076dbcc97c3b9b10136be192181528eee8bf0ad2d07549effd1c1cf7d33ddb,4a616e0b719823a5b40c5671ab9f2c0f568bcbdf01c4c3c09bbb5d6059546240,39d287517773b80ddc54efb8e1431a45e5ef9bb6713a3f5b24fad3d5a568825d,2051,2051,499
uniform_l1p50_s2001,7653c20cb03953592a0727f73ee66761a6e719d06019234cf61fd4e471393839,a2504d9379f9e28a1281ab58a1463876d26ca53208f59889e705bd1e6bdd157d,e35af11caf69197afc1e2e8f3043afa79ffd0a0f1e44d031a4453b0f4147de4b,2055,2055,984
uniform_l1p50_s2002,6193ccd24af9f7c182b3a2fa6f355d6a2c210bd43476bca8e2242897ae1ee8ab,b232c7f41529923c15c4411648bf902b69b47d95fd9a23fcf797815b00183a25,89ba41342534c6d4bf4bdfc9b26c892f56254ff8f9a764f9409de8c7d41349a3,2054,2054,1040
uniform_l1p50_s2003,d301da0e4dba7a64c4c1154fe617612368d3908779bf3204be5471bfae847bad,71f6b4c8cedd5241525a9d8dc0ca54a8473ec4c768e776ac855be9a825d256a4,af7aa91165daa03f12539799f4ba2ddea9ba9f6d1492903c27fe866d35f80241,2052,2052,993
uniform_l2p00_s2001,5ee63712c80a14a42901e2bc6c7fab121eb129ba12be16c615f8228e3944f627,0e2fbf79a91e214e8159766f6cf2e9b3dcb52ceeb98c814c8343ef37fbda6b70,4008ff6a8a0cfb59da9b56577d384f0c72a44115eb10843ae0a738c1cbbd0ebf,2058,2058,2038
uniform_l2p00_s2002,8b32d69a0ac8d591e810320510f1657d685fb0e79951b992035d82d50e9bb72a,d9066ebe64fa5604890ec8cf8804f99c8f198fd382bfa2a8a1fbd0c5230faf36,b447f14373aab0019b7a4127d59658bd7089f94523917d5f756906667112a6b3,2055,2055,2041
uniform_l2p00_s2003,ef15eb066fb4ee69eebae96d495e20f73def720bb5da5428d5480f603189d75d,eb1b0231eb9f30f78a9cf0d048c842bac00ab384f7c1e4a9d63cfad8b7811fbb,1e6f215fad7d7490d9156245e8e0a5b4278dbe21f004d43d40d660b362280d11,2055,2055,2041
shape_b1,6b4e2984771d7c23dd6bc68e01e9125d72e68af24afdd70a38988bf0b6be0bf4,f8f9b126abf948796a7c5911a524380cff6daed8ed91f11fdc9fe1f85114fc76,099491faa7affffb58142de693540df833efe23774414a704b4f9378c639b0c5,2048,2048,0
shape_b4,90eb9c4173de5cf92d98bbb70512b3f3bb7a1aff94803c4e7f4d4d73f8ef59b7,4ddfee6eafcf4df57f7f8b811e26fac58a175f07f5026fd8ee63472bae5a3cc6,89be7124327e0654c095d9a62f7b40bfc89a7245fcf32cd40fc53a4de5eef91a,2048,2048,0
shape_b16,b622e934385346d3a6f976535b813d07af650846abe1011bc7644ca4a931f545,055d6a0df481c75cb8e9fdd52f377fdf8e875ea0dc39d8b4875df87e17d2b9f2,712939bb1350d3a49fa4ac1e73cb65a914aa9fa79c84d49257f10e6a2b037458,2048,2048,0
spatial_local,2805554231a8e60e48f1025eff6df959935083a566656ba327d64e9c8b67ecb0,8db6fd0d5c1e5e147356396a9db03b61916788ba60e1221e27ec45cc57855cdb,8620086a10a7b096848c7a45408aaf63e50b60934b77f2b83ce0df8926d210c9,1536,1536,0
spatial_dispersed,87ac5ad6f73f9e9e1be70aa6495acbe1cdf3f2bbff6c11d8afa5414f8d1680da,9448715bdc455fc14b8793e3adbe1a1f8b3199c2f95e2a09897d713c177623f0,e25f8e758cb3ac1d9ed13b2f7a65a4e218d47b6c09208596ede9cff5e8394e48,1536,1536,0
spatial_local_mirror,1f9aca8d5cdefa0b8d81c98c7ae37b9cd1923b77ff1bdba7a6a3cda9b56cedc8,64dded02ea9e60959436f788af4008b6d52f80719cb2b041e702473a61d87fa9,578f5c43d6404aae8f7300c9ed6668134524b2a54ddee47ba1471c17d032dc3c,1536,1536,0
moving_hotspot_single_s3301,63645d3abae7210d74dbd16176bc5d4b17cb7d800eaefe59dfde721cd98eca5f,507d0be5b80e92b9fee498cdcc17142bd70daa422469e36fbeab59c3d390e079,202b4fbc458187a3e500c57ae29f4df8b1d686b482f608b4082b2a6bc0d362cf,1821,1821,0
moving_hotspot_single_s3302,6eb1fd67c9ef8ec6327708525887893c08bdbe764ada3d98c1a7b7fec8c8fa04,5cf6b695e8887ae8067c956f0c34973f594b40ac9a9427447522091c945ec09d,d71276f914fd29dc5a5e20162713da7fc9db8cf098f55707307e1c2fbd20818d,1827,1827,0
moving_hotspot_multi_disperse_s3301,0ce16196ad82c5dba864ed678b2cab036d4a56b94fa99dda62da492d6ba6ec17,f495ab951407c23c1157b8b51ef47cdbe68f7511f10ba92a437f24e98d0ce2c3,785a23b8900bbc503e386a5430ea518a772c288ac5972ceddc9f0652c261c573,1821,1821,0
moving_hotspot_multi_row_s3301,d3bbf76b74a9bf981752f9021e09ebc683a50a163be2a92a71cd6b0c5892c4ab,737cb5197e50a0a092a4af341edcdf8b8a4b2c06b6e7de27a10e5208e87725f2,90231d3716e344595a55565e54f19cfa29db3d084d784fc9f3ac0e4d61c00711,1821,1821,0
moving_hotspot_multi_column_s3301,5538b98dc8bf9e3ac58f47cd1127cf59be0bf930f236ae82d3b225fe5a910f78,0e3e601d88cdb85c2b240f03b86f190a30c5861afcdeba4ed1215c180f056ea1,bb6b3d5d6bce5eb8fc4d02f23ae4dd746a2f75c515c905506203e9b0ead00862,1821,1821,0
rotating_victim_identity,3711822e5250bcf2917cedf6569e5f47f8a2af7d33fb467b744958d7941339e8,2ba992492daa4be13e5ed0f98b8508173c73058d3a2b0cf8f09fa65bb2245212,a27cf5cfad0fa2506adf5aa3f18f45c3f06cbead22d13e1d4b2c7cf7644da4ea,4002,4002,215
rotating_victim_affine,36466f8c889421a738c8b97b38968b587abbbef1b7a6db003b88fcc6aca6e277,be90e2f2958a26b9f6ce837c993d5b6ebfea54ace5dfeecfc1ee08839aa9c3ef,5e30b44c90d372e8e465d1cdd646b890ecdc069843b1188496bf7afa3891c122,4005,4005,212
phase_transition_s3501,0c0d47f9559f5ca454a9a2b2c04918f63b9b6a2be7fd1c2385f916939f7bcb17,25a37f3ace58abff6b9f3e8110a1cd7a7e6865593aa7888e2f364b21d39eb570,a5f3527131ffa60b1a6cb67c5282587fe60b626407dc060139a5f4ddde1d9d99,2122,2122,1017
phase_transition_s3502,1342bdafe2a9820d136b66d1afacb3f6f4eac672223adcf1d963a5edf0910d11,8347519abc8560fabdb5c37e6c2b20e9cc70064c291e8a813b7e02ed26d7ce4f,5386f93dd72c9f576daf800994ca9a1c5d390028754d3cd247cf1a3a559bd815,2151,2151,1016
elephant_mouse_identity,0fbec1a87125b199ce8e5b389d108481e238d64d5e7a3a1ee6e74786d1b3fabb,5f1bc4106b049b76a08175da3da8ddadd4fe25c0da8b16f8f77d507f31c38dd7,2084e6fa6250d1a204e56ed9ade4c686ccf420d28835e54bdac2e07b5edf4055,1827,1827,0
elephant_mouse_affine,cbfdc0993396f30d16bb987ce381a324e53cbe852dce15bd0f5d95a687790c2d,1513f0a8b4f8b9774eda88f3c60bffc1548f9639bd0c31f563f5edac0a2d2029,eeb3a36796ebd10c9742d4fc07a0cad5f6c56c0b3fba1d7ab4d88766d71af645,1827,1827,0
global_fanin_identity,82d86a633f1359d484cc0b780b9b3447048cb76a122422e02da3bf0f6ff800ab,1a707c8ff0cf65c75b18988148597e90481e5e93ba3f37c8d12451ba15100ec3,ae9f417a6d4da9e5219393849c85c92838fae75572e5b18f4f1baf4b49f6773e,512,512,0
retrigger_identity,0d381e1a6e3da84cbd146c231870879346f63996ebf95d138a8481b4a071d6b4,d698f10aeb84b1db742f7672b6677facf6dea7c655012ea177cf921acd1ba20e,d197eeb6dd2c432a0e4aa69015cb2b36071b40cae17c383d5e1897e34e149507,512,512,0
retrigger_affine,182e985be382ec997671a9f5b5a0532f4ed8138a22dbc826e8035ef1e2a99fa7,9632744f3d0123ec8d04445b73121b7903c057b2a52d48ff986ee284802438b4,f5a2303ea9243a170aebf3e6db836ce92145267e2d0b55783f11e0c72dcc7be7,512,512,0
timing_pair_s3901,ef7c353c2fb509b17ff8a2e133461c983f61d73ba877bea311d0eb7c2a9fd4b3,082a0c7ee1a0de9fb731d674e6c10e7038515d965b7aebe7783e185f3d7ee2b5,b10636c143d1f243855ac44237c152e2b0b9e6932206db8d715eb0a4c15876d9,1253,1253,6
timing_pair_s3902,04eeba16b1c8c90cc69a457e56b7319cb7361952d71ffc79f89800c3a139d73b,fa49b7b284ba9436bc09730b61581a9469193c886c0f1e2141ab89e6707e940a,6ba584642daa756105808792199f16354fd5e166c21b25163f92b14ffac88113,1268,1268,11
