candidate,name,report_group,workload,seed,load,trace_sha256,generated,source_overrun,accepted,delivered,errors,measurement_event_per_cycle,p95_e2e_latency,p99_e2e_latency,max_e2e_latency,max_request_wait,demand_normalized_fairness,min_source_service_ratio,drain_cycles
a4-quadtree-model,core_simultaneous_identity,core_simultaneous_identity,basic_simultaneous,1002,0.063,a9a81664fc2117e72df8739b816eaffdeb8a4ab734576ab7c96336d0d232f045,16,0,16,16,0,0.0625,17,17,17,12,1.0,1.0,0
mock-flat-rr-model,core_simultaneous_identity,core_simultaneous_identity,basic_simultaneous,1002,0.063,a9a81664fc2117e72df8739b816eaffdeb8a4ab734576ab7c96336d0d232f045,16,0,16,16,0,0.0625,16,16,16,15,1.0,1.0,0
a4-quadtree-model,core_sparse_identity,core_sparse_identity,basic_sparse,1001,0.031,5258daa401e16ffccfe80e47a7bc3b3dcf313883a2098929d129a178ec5e6b80,16,0,16,16,0,0.03125,2,2,2,0,1.0,1.0,0
mock-flat-rr-model,core_sparse_identity,core_sparse_identity,basic_sparse,1001,0.031,5258daa401e16ffccfe80e47a7bc3b3dcf313883a2098929d129a178ec5e6b80,16,0,16,16,0,0.03125,1,1,1,0,1.0,1.0,0
a4-quadtree-model,core_sparse_rotate180,core_sparse_rotate180,basic_sparse,1001,0.031,afc988806e810c026947341813ec989570f1b469c0189c12f6e09b3faaa1e93f,16,0,16,16,0,0.03125,2,2,2,0,1.0,1.0,0
mock-flat-rr-model,core_sparse_rotate180,core_sparse_rotate180,basic_sparse,1001,0.031,afc988806e810c026947341813ec989570f1b469c0189c12f6e09b3faaa1e93f,16,0,16,16,0,0.03125,1,1,1,0,1.0,1.0,0
a4-quadtree-model,elephant_mouse_affine,elephant_mouse_affine,elephant_mouse,3601,0.9,cbfdc0993396f30d16bb987ce381a324e53cbe852dce15bd0f5d95a687790c2d,1827,0,1827,1827,0,0.89111328125,2,2,2,0,1.0,1.0,2
mock-flat-rr-model,elephant_mouse_affine,elephant_mouse_affine,elephant_mouse,3601,0.9,cbfdc0993396f30d16bb987ce381a324e53cbe852dce15bd0f5d95a687790c2d,1827,0,1827,1827,0,0.8916015625,1,1,1,0,1.0,1.0,1
a4-quadtree-model,elephant_mouse_identity,elephant_mouse_identity,elephant_mouse,3601,0.9,0fbec1a87125b199ce8e5b389d108481e238d64d5e7a3a1ee6e74786d1b3fabb,1827,0,1827,1827,0,0.89111328125,2,2,2,0,1.0,1.0,2
mock-flat-rr-model,elephant_mouse_identity,elephant_mouse_identity,elephant_mouse,3601,0.9,0fbec1a87125b199ce8e5b389d108481e238d64d5e7a3a1ee6e74786d1b3fabb,1827,0,1827,1827,0,0.8916015625,1,1,1,0,1.0,1.0,1
a4-quadtree-model,global_fanin_identity,global_fanin_identity,global_fanin,3701,0.25,82d86a633f1359d484cc0b780b9b3447048cb76a122422e02da3bf0f6ff800ab,512,0,512,512,0,0.25,17,17,17,12,1.0,1.0,0
mock-flat-rr-model,global_fanin_identity,global_fanin_identity,global_fanin,3701,0.25,82d86a633f1359d484cc0b780b9b3447048cb76a122422e02da3bf0f6ff800ab,512,0,512,512,0,0.25,16,16,16,15,1.0,1.0,0
a4-quadtree-model,moving_hotspot_multi_column_s3301,moving_hotspot_multi_column,moving_hotspot,3301,0.9,5538b98dc8bf9e3ac58f47cd1127cf59be0bf930f236ae82d3b225fe5a910f78,1821,0,1821,1821,0,0.88818359375,2,2,2,0,1.0,1.0,2
mock-flat-rr-model,moving_hotspot_multi_column_s3301,moving_hotspot_multi_column,moving_hotspot,3301,0.9,5538b98dc8bf9e3ac58f47cd1127cf59be0bf930f236ae82d3b225fe5a910f78,1821,0,1821,1821,0,0.888671875,1,1,1,0,1.0,1.0,1
a4-quadtree-model,moving_hotspot_multi_disperse_s3301,moving_hotspot_multi_disperse,moving_hotspot,3301,0.9,0ce16196ad82c5dba864ed678b2cab036d4a56b94fa99dda62da492d6ba6ec17,1821,0,1821,1821,0,0.88818359375,2,2,2,0,1.0,1.0,2
mock-flat-rr-model,moving_hotspot_multi_disperse_s3301,moving_hotspot_multi_disperse,moving_hotspot,3301,0.9,0ce16196ad82c5dba864ed678b2cab036d4a56b94fa99dda62da492d6ba6ec17,1821,0,1821,1821,0,0.888671875,1,1,1,0,1.0,1.0,1
a4-quadtree-model,moving_hotspot_multi_row_s3301,moving_hotspot_multi_row,moving_hotspot,3301,0.9,d3bbf76b74a9bf981752f9021e09ebc683a50a163be2a92a71cd6b0c5892c4ab,1821,0,1821,1821,0,0.88818359375,2,2,2,0,1.0,1.0,2
mock-flat-rr-model,moving_hotspot_multi_row_s3301,moving_hotspot_multi_row,moving_hotspot,3301,0.9,d3bbf76b74a9bf981752f9021e09ebc683a50a163be2a92a71cd6b0c5892c4ab,1821,0,1821,1821,0,0.888671875,1,1,1,0,1.0,1.0,1
a4-quadtree-model,moving_hotspot_single_s3301,moving_hotspot_single,moving_hotspot,3301,0.9,63645d3abae7210d74dbd16176bc5d4b17cb7d800eaefe59dfde721cd98eca5f,1821,0,1821,1821,0,0.88818359375,2,2,2,0,1.0,1.0,2
mock-flat-rr-model,moving_hotspot_single_s3301,moving_hotspot_single,moving_hotspot,3301,0.9,63645d3abae7210d74dbd16176bc5d4b17cb7d800eaefe59dfde721cd98eca5f,1821,0,1821,1821,0,0.888671875,1,1,1,0,1.0,1.0,1
a4-quadtree-model,moving_hotspot_single_s3302,moving_hotspot_single,moving_hotspot,3302,0.9,6eb1fd67c9ef8ec6327708525887893c08bdbe764ada3d98c1a7b7fec8c8fa04,1827,0,1827,1827,0,0.89111328125,2,2,2,0,1.0,1.0,2
mock-flat-rr-model,moving_hotspot_single_s3302,moving_hotspot_single,moving_hotspot,3302,0.9,6eb1fd67c9ef8ec6327708525887893c08bdbe764ada3d98c1a7b7fec8c8fa04,1827,0,1827,1827,0,0.8916015625,1,1,1,0,1.0,1.0,1
a4-quadtree-model,phase_transition_s3501,phase_transition,phase_transition,3501,0.769,0c0d47f9559f5ca454a9a2b2c04918f63b9b6a2be7fd1c2385f916939f7bcb17,3139,1015,2124,2124,0,0.5185546875,19,20,20,15,0.9988238354686734,0.6244343891402715,0
mock-flat-rr-model,phase_transition_s3501,phase_transition,phase_transition,3501,0.769,0c0d47f9559f5ca454a9a2b2c04918f63b9b6a2be7fd1c2385f916939f7bcb17,3139,1017,2122,2122,0,0.51806640625,13,15,16,15,0.9979449712990733,0.6108597285067874,0
a4-quadtree-model,phase_transition_s3502,phase_transition,phase_transition,3502,0.769,1342bdafe2a9820d136b66d1afacb3f6f4eac672223adcf1d963a5edf0910d11,3167,1013,2154,2154,0,0.52587890625,19,20,20,15,0.9973576706338904,0.6157407407407407,0
mock-flat-rr-model,phase_transition_s3502,phase_transition,phase_transition,3502,0.769,1342bdafe2a9820d136b66d1afacb3f6f4eac672223adcf1d963a5edf0910d11,3167,1016,2151,2151,0,0.525146484375,13,15,16,15,0.9984044012915885,0.6157407407407407,0
a4-quadtree-model,retrigger_affine,retrigger_affine,retrigger,3801,0.25,182e985be382ec997671a9f5b5a0532f4ed8138a22dbc826e8035ef1e2a99fa7,512,0,512,512,0,0.25,2,2,2,0,1.0,1.0,0
mock-flat-rr-model,retrigger_affine,retrigger_affine,retrigger,3801,0.25,182e985be382ec997671a9f5b5a0532f4ed8138a22dbc826e8035ef1e2a99fa7,512,0,512,512,0,0.25,1,1,1,0,1.0,1.0,0
a4-quadtree-model,retrigger_identity,retrigger_identity,retrigger,3801,0.25,0d381e1a6e3da84cbd146c231870879346f63996ebf95d138a8481b4a071d6b4,512,0,512,512,0,0.25,2,2,2,0,1.0,1.0,0
mock-flat-rr-model,retrigger_identity,retrigger_identity,retrigger,3801,0.25,0d381e1a6e3da84cbd146c231870879346f63996ebf95d138a8481b4a071d6b4,512,0,512,512,0,0.25,1,1,1,0,1.0,1.0,0
a4-quadtree-model,rotating_victim_affine,rotating_victim_affine,rotating_victim,3401,1.025,36466f8c889421a738c8b97b38968b587abbbef1b7a6db003b88fcc6aca6e277,4217,149,4068,4068,0,0.991943359375,8,11,17,12,0.9998424613252815,0.9431818181818182,5
mock-flat-rr-model,rotating_victim_affine,rotating_victim_affine,rotating_victim,3401,1.025,36466f8c889421a738c8b97b38968b587abbbef1b7a6db003b88fcc6aca6e277,4217,212,4005,4005,0,0.977294921875,4,6,8,7,0.9998445669713116,0.9315589353612167,2
a4-quadtree-model,rotating_victim_identity,rotating_victim_identity,rotating_victim,3401,1.025,3711822e5250bcf2917cedf6569e5f47f8a2af7d33fb467b744958d7941339e8,4217,150,4067,4067,0,0.991943359375,8,11,16,13,0.9998295904260663,0.9390681003584229,4
mock-flat-rr-model,rotating_victim_identity,rotating_victim_identity,rotating_victim,3401,1.025,3711822e5250bcf2917cedf6569e5f47f8a2af7d33fb467b744958d7941339e8,4217,215,4002,4002,0,0.976318359375,4,6,11,10,0.9998003773400841,0.9283154121863799,3
a4-quadtree-model,shape_b1,shape_b1,rate_shape,3101,0.5,6b4e2984771d7c23dd6bc68e01e9125d72e68af24afdd70a38988bf0b6be0bf4,2048,0,2048,2048,0,0.499755859375,2,2,2,0,1.0,1.0,1
mock-flat-rr-model,shape_b1,shape_b1,rate_shape,3101,0.5,6b4e2984771d7c23dd6bc68e01e9125d72e68af24afdd70a38988bf0b6be0bf4,2048,0,2048,2048,0,0.5,1,1,1,0,1.0,1.0,0
a4-quadtree-model,shape_b16,shape_b16,rate_shape,3101,0.5,b622e934385346d3a6f976535b813d07af650846abe1011bc7644ca4a931f545,2048,0,2048,2048,0,0.5,17,17,17,12,1.0,1.0,0
mock-flat-rr-model,shape_b16,shape_b16,rate_shape,3101,0.5,b622e934385346d3a6f976535b813d07af650846abe1011bc7644ca4a931f545,2048,0,2048,2048,0,0.5,16,16,16,15,1.0,1.0,0
a4-quadtree-model,shape_b4,shape_b4,rate_shape,3101,0.5,90eb9c4173de5cf92d98bbb70512b3f3bb7a1aff94803c4e7f4d4d73f8ef59b7,2048,0,2048,2048,0,0.5,5,5,5,2,1.0,1.0,0
mock-flat-rr-model,shape_b4,shape_b4,rate_shape,3101,0.5,90eb9c4173de5cf92d98bbb70512b3f3bb7a1aff94803c4e7f4d4d73f8ef59b7,2048,0,2048,2048,0,0.5,4,4,4,3,1.0,1.0,0
a4-quadtree-model,spatial_dispersed,spatial_dispersed,matched_spatial,3201,0.75,87ac5ad6f73f9e9e1be70aa6495acbe1cdf3f2bbff6c11d8afa5414f8d1680da,1536,0,1536,1536,0,0.75,5,5,5,2,1.0,1.0,0
mock-flat-rr-model,spatial_dispersed,spatial_dispersed,matched_spatial,3201,0.75,87ac5ad6f73f9e9e1be70aa6495acbe1cdf3f2bbff6c11d8afa5414f8d1680da,1536,0,1536,1536,0,0.75,4,4,4,3,1.0,1.0,0
a4-quadtree-model,spatial_local,spatial_local,matched_spatial,3201,0.75,2805554231a8e60e48f1025eff6df959935083a566656ba327d64e9c8b67ecb0,1536,0,1536,1536,0,0.75,5,5,5,0,1.0,1.0,0
mock-flat-rr-model,spatial_local,spatial_local,matched_spatial,3201,0.75,2805554231a8e60e48f1025eff6df959935083a566656ba327d64e9c8b67ecb0,1536,0,1536,1536,0,0.75,4,4,4,3,1.0,1.0,0
a4-quadtree-model,spatial_local_mirror,spatial_local_mirror,matched_spatial,3201,0.75,1f9aca8d5cdefa0b8d81c98c7ae37b9cd1923b77ff1bdba7a6a3cda9b56cedc8,1536,0,1536,1536,0,0.75,5,5,5,0,1.0,1.0,0
mock-flat-rr-model,spatial_local_mirror,spatial_local_mirror,matched_spatial,3201,0.75,1f9aca8d5cdefa0b8d81c98c7ae37b9cd1923b77ff1bdba7a6a3cda9b56cedc8,1536,0,1536,1536,0,0.75,4,4,4,3,1.0,1.0,0
a4-quadtree-model,timing_pair_s3901,timing_pair,timing_pair,3901,0.625,ef7c353c2fb509b17ff8a2e133461c983f61d73ba877bea311d0eb7c2a9fd4b3,1259,1,1258,1258,0,0.61376953125,3,4,7,5,0.9999918782649376,0.9882352941176471,1
mock-flat-rr-model,timing_pair_s3901,timing_pair,timing_pair,3901,0.625,ef7c353c2fb509b17ff8a2e133461c983f61d73ba877bea311d0eb7c2a9fd4b3,1259,6,1253,1253,0,0.61181640625,2,3,5,4,0.9998811685875049,0.9571428571428572,0
a4-quadtree-model,timing_pair_s3902,timing_pair,timing_pair,3902,0.625,04eeba16b1c8c90cc69a457e56b7319cb7361952d71ffc79f89800c3a139d73b,1279,3,1276,1276,0,0.62255859375,4,5,6,3,0.9999671680339466,0.9795918367346939,2
mock-flat-rr-model,timing_pair_s3902,timing_pair,timing_pair,3902,0.625,04eeba16b1c8c90cc69a457e56b7319cb7361952d71ffc79f89800c3a139d73b,1279,11,1268,1268,0,0.61865234375,2,4,5,4,0.9999251795186584,0.972972972972973,1
a4-quadtree-model,uniform_l0p125_s2001,uniform,uniform,2001,0.125,850e064e2dfe61567e4fd275fb2c200ec23b995f810f4fa40c87322e640e4ffc,251,0,251,251,0,0.12255859375,2,2,2,0,1.0,1.0,0
mock-flat-rr-model,uniform_l0p125_s2001,uniform,uniform,2001,0.125,850e064e2dfe61567e4fd275fb2c200ec23b995f810f4fa40c87322e640e4ffc,251,0,251,251,0,0.12255859375,1,1,1,0,1.0,1.0,0
a4-quadtree-model,uniform_l0p125_s2002,uniform,uniform,2002,0.125,e1a7cdc62d914a7e0b92d4cd3e9d7289655e8ad0eb27b513b6859bef694c741d,261,0,261,261,0,0.12744140625,2,2,2,0,1.0,1.0,0
mock-flat-rr-model,uniform_l0p125_s2002,uniform,uniform,2002,0.125,e1a7cdc62d914a7e0b92d4cd3e9d7289655e8ad0eb27b513b6859bef694c741d,261,0,261,261,0,0.12744140625,1,1,1,0,1.0,1.0,0
a4-quadtree-model,uniform_l0p125_s2003,uniform,uniform,2003,0.125,cecd8707640657715f9b69c57640a49aa5777bb7d3aea61d7038e07b114f9528,231,0,231,231,0,0.11279296875,2,2,2,0,1.0,1.0,0
mock-flat-rr-model,uniform_l0p125_s2003,uniform,uniform,2003,0.125,cecd8707640657715f9b69c57640a49aa5777bb7d3aea61d7038e07b114f9528,231,0,231,231,0,0.11279296875,1,1,1,0,1.0,1.0,0
a4-quadtree-model,uniform_l0p50_s2001,uniform,uniform,2001,0.5,5e897c984eaf929c1b3af994c9776a5d776abc82e78b2660bb90ea5169cb76ab,982,0,982,982,0,0.4794921875,2,2,2,0,1.0,1.0,0
mock-flat-rr-model,uniform_l0p50_s2001,uniform,uniform,2001,0.5,5e897c984eaf929c1b3af994c9776a5d776abc82e78b2660bb90ea5169cb76ab,982,0,982,982,0,0.4794921875,1,1,1,0,1.0,1.0,0
a4-quadtree-model,uniform_l0p50_s2002,uniform,uniform,2002,0.5,a3049c9c22c391dd3447362a260e149dd12da4debd43ddb8dc452de01d2fc6e2,1038,0,1038,1038,0,0.50634765625,2,2,2,0,1.0,1.0,1
mock-flat-rr-model,uniform_l0p50_s2002,uniform,uniform,2002,0.5,a3049c9c22c391dd3447362a260e149dd12da4debd43ddb8dc452de01d2fc6e2,1038,0,1038,1038,0,0.5068359375,1,1,1,0,1.0,1.0,0
a4-quadtree-model,uniform_l0p50_s2003,uniform,uniform,2003,0.5,d5811bc9e953d5e617818235b119d302429f6edd99978315ad3d5195388672d1,1032,0,1032,1032,0,0.50341796875,2,2,2,0,1.0,1.0,2
mock-flat-rr-model,uniform_l0p50_s2003,uniform,uniform,2003,0.5,d5811bc9e953d5e617818235b119d302429f6edd99978315ad3d5195388672d1,1032,0,1032,1032,0,0.50341796875,1,1,1,0,1.0,1.0,1
a4-quadtree-model,uniform_l0p90_s2001,uniform,uniform,2001,0.9,b5324f571be19993e812191adf744a5b7d0626b5a9030592d29e2e7ce401b4a8,1868,0,1868,1868,0,0.9111328125,2,2,2,0,1.0,1.0,2
mock-flat-rr-model,uniform_l0p90_s2001,uniform,uniform,2001,0.9,b5324f571be19993e812191adf744a5b7d0626b5a9030592d29e2e7ce401b4a8,1868,0,1868,1868,0,0.91162109375,1,1,1,0,1.0,1.0,1
a4-quadtree-model,uniform_l0p90_s2002,uniform,uniform,2002,0.9,c2698ed1703f87d3f3081584c7f7ca7cfe2b345ce1e477247c70dbc1948bc569,1851,0,1851,1851,0,0.90283203125,2,2,2,0,1.0,1.0,2
mock-flat-rr-model,uniform_l0p90_s2002,uniform,uniform,2002,0.9,c2698ed1703f87d3f3081584c7f7ca7cfe2b345ce1e477247c70dbc1948bc569,1851,0,1851,1851,0,0.9033203125,1,1,1,0,1.0,1.0,1
a4-quadtree-model,uniform_l0p90_s2003,uniform,uniform,2003,0.9,c11484a731935911ade2028a2c7bdce20604278c9f8862491166b3276a677be6,1837,0,1837,1837,0,0.89599609375,2,2,2,0,1.0,1.0,2
mock-flat-rr-model,uniform_l0p90_s2003,uniform,uniform,2003,0.9,c11484a731935911ade2028a2c7bdce20604278c9f8862491166b3276a677be6,1837,0,1837,1837,0,0.896484375,1,1,1,0,1.0,1.0,1
a4-quadtree-model,uniform_l1p00_s2001,uniform,uniform,2001,1.0,8554d7917b4a06bbc2e0dd1fc3e06286182a0bf64dff8de01883d2674ecb737d,2048,0,2048,2048,0,0.9990234375,2,2,2,0,1.0,1.0,2
mock-flat-rr-model,uniform_l1p00_s2001,uniform,uniform,2001,1.0,8554d7917b4a06bbc2e0dd1fc3e06286182a0bf64dff8de01883d2674ecb737d,2048,0,2048,2048,0,0.99951171875,1,1,1,0,1.0,1.0,1
a4-quadtree-model,uniform_l1p00_s2002,uniform,uniform,2002,1.0,262f9f91597666910d43bfb5e4a6e9a999272207c22e07f0449ccac707348a5d,2048,0,2048,2048,0,0.9990234375,2,2,2,0,1.0,1.0,2
mock-flat-rr-model,uniform_l1p00_s2002,uniform,uniform,2002,1.0,262f9f91597666910d43bfb5e4a6e9a999272207c22e07f0449ccac707348a5d,2048,0,2048,2048,0,0.99951171875,1,1,1,0,1.0,1.0,1
a4-quadtree-model,uniform_l1p00_s2003,uniform,uniform,2003,1.0,513b8baed3695aed416b8c8fd15808cb5047b006e60bd606d439f73948a8b399,2048,0,2048,2048,0,0.9990234375,2,2,2,0,1.0,1.0,2
mock-flat-rr-model,uniform_l1p00_s2003,uniform,uniform,2003,1.0,513b8baed3695aed416b8c8fd15808cb5047b006e60bd606d439f73948a8b399,2048,0,2048,2048,0,0.99951171875,1,1,1,0,1.0,1.0,1
a4-quadtree-model,uniform_l1p25_s2001,uniform,uniform,2001,1.25,a77a87fb0f1a081c183460d5f5f9274fd19114f0d4ae06d4c97360d243661090,2536,484,2052,2052,0,0.9990234375,15,18,20,15,0.9982333346990564,0.7472527472527473,6
mock-flat-rr-model,uniform_l1p25_s2001,uniform,uniform,2001,1.25,a77a87fb0f1a081c183460d5f5f9274fd19114f0d4ae06d4c97360d243661090,2536,485,2051,2051,0,0.99951171875,9,10,12,11,0.9989255914255566,0.7630057803468208,4
a4-quadtree-model,uniform_l1p25_s2002,uniform,uniform,2002,1.25,d73514e45ecfec672b2f2034c9ccf1f6c7d040e4ca228015c2fb664a81c4f5bb,2574,522,2052,2052,0,0.9990234375,15,18,20,15,0.9980938595950799,0.7425149700598802,6
mock-flat-rr-model,uniform_l1p25_s2002,uniform,uniform,2002,1.25,d73514e45ecfec672b2f2034c9ccf1f6c7d040e4ca228015c2fb664a81c4f5bb,2574,524,2050,2050,0,0.99951171875,9,10,13,12,0.9987593513128218,0.7567567567567568,3
a4-quadtree-model,uniform_l1p25_s2003,uniform,uniform,2003,1.25,d3076dbcc97c3b9b10136be192181528eee8bf0ad2d07549effd1c1cf7d33ddb,2550,496,2054,2054,0,0.9990234375,15,18,20,15,0.9980299689495686,0.7341040462427746,8
mock-flat-rr-model,uniform_l1p25_s2003,uniform,uniform,2003,1.25,d3076dbcc97c3b9b10136be192181528eee8bf0ad2d07549effd1c1cf7d33ddb,2550,499,2051,2051,0,0.99951171875,9,11,13,12,0.9990127158643322,0.75625,4
a4-quadtree-model,uniform_l1p50_s2001,uniform,uniform,2001,1.5,7653c20cb03953592a0727f73ee66761a6e719d06019234cf61fd4e471393839,3039,983,2056,2056,0,0.9990234375,18,20,20,15,0.9980767020261311,0.6224489795918368,10
mock-flat-rr-model,uniform_l1p50_s2001,uniform,uniform,2001,1.5,7653c20cb03953592a0727f73ee66761a6e719d06019234cf61fd4e471393839,3039,984,2055,2055,0,0.99951171875,11,13,15,14,0.9985119965080372,0.6341463414634146,8
a4-quadtree-model,uniform_l1p50_s2002,uniform,uniform,2002,1.5,6193ccd24af9f7c182b3a2fa6f355d6a2c210bd43476bca8e2242897ae1ee8ab,3094,1037,2057,2057,0,0.9990234375,18,20,20,15,0.9967315345030175,0.6134453781512605,11
mock-flat-rr-model,uniform_l1p50_s2002,uniform,uniform,2002,1.5,6193ccd24af9f7c182b3a2fa6f355d6a2c210bd43476bca8e2242897ae1ee8ab,3094,1040,2054,2054,0,0.99951171875,12,13,15,14,0.9972587299442857,0.6092436974789915,7
a4-quadtree-model,uniform_l1p50_s2003,uniform,uniform,2003,1.5,d301da0e4dba7a64c4c1154fe617612368d3908779bf3204be5471bfae847bad,3045,991,2054,2054,0,0.9990234375,18,20,20,15,0.9986008409246997,0.616580310880829,8
mock-flat-rr-model,uniform_l1p50_s2003,uniform,uniform,2003,1.5,d301da0e4dba7a64c4c1154fe617612368d3908779bf3204be5471bfae847bad,3045,993,2052,2052,0,0.99951171875,12,13,15,14,0.9989562701519044,0.6358695652173914,5
a4-quadtree-model,uniform_l2p00_s2001,uniform,uniform,2001,2.0,5ee63712c80a14a42901e2bc6c7fab121eb129ba12be16c615f8228e3944f627,4096,2036,2060,2060,0,0.9990234375,20,20,20,15,0.9978536807870994,0.4620938628158845,14
mock-flat-rr-model,uniform_l2p00_s2001,uniform,uniform,2001,2.0,5ee63712c80a14a42901e2bc6c7fab121eb129ba12be16c615f8228e3944f627,4096,2038,2058,2058,0,0.99951171875,14,15,16,15,0.9984175807967023,0.47017543859649125,11
a4-quadtree-model,uniform_l2p00_s2002,uniform,uniform,2002,2.0,8b32d69a0ac8d591e810320510f1657d685fb0e79951b992035d82d50e9bb72a,4096,2038,2058,2058,0,0.9990234375,20,20,20,15,0.997073374993612,0.4626334519572954,12
mock-flat-rr-model,uniform_l2p00_s2002,uniform,uniform,2002,2.0,8b32d69a0ac8d591e810320510f1657d685fb0e79951b992035d82d50e9bb72a,4096,2041,2055,2055,0,0.99951171875,14,15,16,15,0.9973383674785223,0.4697508896797153,8
a4-quadtree-model,uniform_l2p00_s2003,uniform,uniform,2003,2.0,ef15eb066fb4ee69eebae96d495e20f73def720bb5da5428d5480f603189d75d,4096,2037,2059,2059,0,0.9990234375,20,20,20,15,0.9985495591080215,0.4635036496350365,13
mock-flat-rr-model,uniform_l2p00_s2003,uniform,uniform,2003,2.0,ef15eb066fb4ee69eebae96d495e20f73def720bb5da5428d5480f603189d75d,4096,2041,2055,2055,0,0.99951171875,14,15,16,15,0.9990662912764672,0.47653429602888087,8
