name,workload,seed,load,trace_sha256,a4_source_overrun,flat_source_overrun,delta_source_overrun,a4_measurement_event_per_cycle,flat_measurement_event_per_cycle,delta_measurement_event_per_cycle,a4_p95_e2e_latency,flat_p95_e2e_latency,delta_p95_e2e_latency,a4_p99_e2e_latency,flat_p99_e2e_latency,delta_p99_e2e_latency,a4_max_request_wait,flat_max_request_wait,delta_max_request_wait,a4_demand_normalized_fairness,flat_demand_normalized_fairness,delta_demand_normalized_fairness,a4_min_source_service_ratio,flat_min_source_service_ratio,delta_min_source_service_ratio
core_sparse_identity,basic_sparse,1001,0.031,5258daa401e16ffccfe80e47a7bc3b3dcf313883a2098929d129a178ec5e6b80,0,0,0.0,0.03125,0.03125,0.0,3,2,1.0,3,2,1.0,0,0,0.0,1.0,1.0,0.0,1.0,1.0,0.0
core_sparse_rotate180,basic_sparse,1001,0.031,afc988806e810c026947341813ec989570f1b469c0189c12f6e09b3faaa1e93f,0,0,0.0,0.03125,0.03125,0.0,3,2,1.0,3,2,1.0,0,0,0.0,1.0,1.0,0.0,1.0,1.0,0.0
core_simultaneous_identity,basic_simultaneous,1002,0.063,a9a81664fc2117e72df8739b816eaffdeb8a4ab734576ab7c96336d0d232f045,0,0,0.0,0.0625,0.0625,0.0,18,17,1.0,18,17,1.0,12,15,-3.0,1.0,1.0,0.0,1.0,1.0,0.0
uniform_l0p125_s2001,uniform,2001,0.125,850e064e2dfe61567e4fd275fb2c200ec23b995f810f4fa40c87322e640e4ffc,0,0,0.0,0.122559,0.122559,0.0,3,2,1.0,3,2,1.0,0,0,0.0,1.0,1.0,0.0,1.0,1.0,0.0
uniform_l0p125_s2002,uniform,2002,0.125,e1a7cdc62d914a7e0b92d4cd3e9d7289655e8ad0eb27b513b6859bef694c741d,0,0,0.0,0.127441,0.127441,0.0,3,2,1.0,3,2,1.0,0,0,0.0,1.0,1.0,0.0,1.0,1.0,0.0
uniform_l0p125_s2003,uniform,2003,0.125,cecd8707640657715f9b69c57640a49aa5777bb7d3aea61d7038e07b114f9528,0,0,0.0,0.112793,0.112793,0.0,3,2,1.0,3,2,1.0,0,0,0.0,1.0,1.0,0.0,1.0,1.0,0.0
uniform_l0p50_s2001,uniform,2001,0.5,5e897c984eaf929c1b3af994c9776a5d776abc82e78b2660bb90ea5169cb76ab,0,0,0.0,0.479492,0.479492,0.0,3,2,1.0,3,2,1.0,0,0,0.0,1.0,1.0,0.0,1.0,1.0,0.0
uniform_l0p50_s2002,uniform,2002,0.5,a3049c9c22c391dd3447362a260e149dd12da4debd43ddb8dc452de01d2fc6e2,0,0,0.0,0.506348,0.506836,-0.00048799999999993293,3,2,1.0,3,2,1.0,0,0,0.0,1.0,1.0,0.0,1.0,1.0,0.0
uniform_l0p50_s2003,uniform,2003,0.5,d5811bc9e953d5e617818235b119d302429f6edd99978315ad3d5195388672d1,0,0,0.0,0.503418,0.503418,0.0,3,2,1.0,3,2,1.0,0,0,0.0,1.0,1.0,0.0,1.0,1.0,0.0
uniform_l0p90_s2001,uniform,2001,0.9,b5324f571be19993e812191adf744a5b7d0626b5a9030592d29e2e7ce401b4a8,0,0,0.0,0.911133,0.911621,-0.00048800000000004395,3,2,1.0,3,2,1.0,0,0,0.0,1.0,1.0,0.0,1.0,1.0,0.0
uniform_l0p90_s2002,uniform,2002,0.9,c2698ed1703f87d3f3081584c7f7ca7cfe2b345ce1e477247c70dbc1948bc569,0,0,0.0,0.902832,0.90332,-0.00048800000000004395,3,2,1.0,3,2,1.0,0,0,0.0,1.0,1.0,0.0,1.0,1.0,0.0
uniform_l0p90_s2003,uniform,2003,0.9,c11484a731935911ade2028a2c7bdce20604278c9f8862491166b3276a677be6,0,0,0.0,0.895996,0.896484,-0.00048799999999993293,3,2,1.0,3,2,1.0,0,0,0.0,1.0,1.0,0.0,1.0,1.0,0.0
uniform_l1p00_s2001,uniform,2001,1.0,8554d7917b4a06bbc2e0dd1fc3e06286182a0bf64dff8de01883d2674ecb737d,0,0,0.0,0.999023,0.999512,-0.0004889999999999617,3,2,1.0,3,2,1.0,0,0,0.0,1.0,1.0,0.0,1.0,1.0,0.0
uniform_l1p00_s2002,uniform,2002,1.0,262f9f91597666910d43bfb5e4a6e9a999272207c22e07f0449ccac707348a5d,0,0,0.0,0.999023,0.999512,-0.0004889999999999617,3,2,1.0,3,2,1.0,0,0,0.0,1.0,1.0,0.0,1.0,1.0,0.0
uniform_l1p00_s2003,uniform,2003,1.0,513b8baed3695aed416b8c8fd15808cb5047b006e60bd606d439f73948a8b399,0,0,0.0,0.999023,0.999512,-0.0004889999999999617,3,2,1.0,3,2,1.0,0,0,0.0,1.0,1.0,0.0,1.0,1.0,0.0
uniform_l1p25_s2001,uniform,2001,1.25,a77a87fb0f1a081c183460d5f5f9274fd19114f0d4ae06d4c97360d243661090,484,485,-1.0,0.999023,0.999512,-0.0004889999999999617,16,10,6.0,19,11,8.0,15,11,4.0,0.9982333346990564,0.9989255914255566,-0.0006922567265001955,0.7472527472527473,0.7630057803468208,-0.0157530330940735
uniform_l1p25_s2002,uniform,2002,1.25,d73514e45ecfec672b2f2034c9ccf1f6c7d040e4ca228015c2fb664a81c4f5bb,522,524,-2.0,0.999023,0.999512,-0.0004889999999999617,16,10,6.0,19,11,8.0,15,12,3.0,0.9980938595950799,0.9987593513128218,-0.000665491717741884,0.7425149700598802,0.7567567567567568,-0.01424178669687659
uniform_l1p25_s2003,uniform,2003,1.25,d3076dbcc97c3b9b10136be192181528eee8bf0ad2d07549effd1c1cf7d33ddb,496,499,-3.0,0.999023,0.999512,-0.0004889999999999617,16,10,6.0,19,12,7.0,15,12,3.0,0.9980299689495686,0.9990127158643322,-0.0009827469147635215,0.7341040462427746,0.75625,-0.02214595375722539
uniform_l1p50_s2001,uniform,2001,1.5,7653c20cb03953592a0727f73ee66761a6e719d06019234cf61fd4e471393839,983,984,-1.0,0.999023,0.999512,-0.0004889999999999617,19,12,7.0,21,14,7.0,15,14,1.0,0.9980767020261311,0.9985119965080372,-0.0004352944819061566,0.6224489795918368,0.6341463414634146,-0.011697361871577883
uniform_l1p50_s2002,uniform,2002,1.5,6193ccd24af9f7c182b3a2fa6f355d6a2c210bd43476bca8e2242897ae1ee8ab,1037,1040,-3.0,0.999023,0.999512,-0.0004889999999999617,19,13,6.0,21,14,7.0,15,14,1.0,0.9967315345030175,0.9972587299442857,-0.0005271954412681135,0.6134453781512605,0.6092436974789915,0.004201680672269004
uniform_l1p50_s2003,uniform,2003,1.5,d301da0e4dba7a64c4c1154fe617612368d3908779bf3204be5471bfae847bad,991,993,-2.0,0.999023,0.999512,-0.0004889999999999617,19,13,6.0,21,14,7.0,15,14,1.0,0.9986008409246997,0.9989562701519044,-0.0003554292272046622,0.616580310880829,0.6358695652173914,-0.019289254336562367
uniform_l2p00_s2001,uniform,2001,2.0,5ee63712c80a14a42901e2bc6c7fab121eb129ba12be16c615f8228e3944f627,2036,2038,-2.0,0.999023,0.999512,-0.0004889999999999617,21,15,6.0,21,16,5.0,15,15,0.0,0.9978536807870994,0.9984175807967023,-0.0005639000096029356,0.4620938628158845,0.47017543859649125,-0.008081575780606753
uniform_l2p00_s2002,uniform,2002,2.0,8b32d69a0ac8d591e810320510f1657d685fb0e79951b992035d82d50e9bb72a,2038,2041,-3.0,0.999023,0.999512,-0.0004889999999999617,21,15,6.0,21,16,5.0,15,15,0.0,0.997073374993612,0.9973383674785223,-0.00026499248491029803,0.4626334519572954,0.4697508896797153,-0.007117437722419906
uniform_l2p00_s2003,uniform,2003,2.0,ef15eb066fb4ee69eebae96d495e20f73def720bb5da5428d5480f603189d75d,2037,2041,-4.0,0.999023,0.999512,-0.0004889999999999617,21,15,6.0,21,16,5.0,15,15,0.0,0.9985495591080215,0.9990662912764672,-0.0005167321684457216,0.4635036496350365,0.47653429602888087,-0.01303064639384438
shape_b1,rate_shape,3101,0.5,6b4e2984771d7c23dd6bc68e01e9125d72e68af24afdd70a38988bf0b6be0bf4,0,0,0.0,0.499756,0.5,-0.00024400000000002198,3,2,1.0,3,2,1.0,0,0,0.0,1.0,1.0,0.0,1.0,1.0,0.0
shape_b4,rate_shape,3101,0.5,90eb9c4173de5cf92d98bbb70512b3f3bb7a1aff94803c4e7f4d4d73f8ef59b7,0,0,0.0,0.5,0.5,0.0,6,5,1.0,6,5,1.0,2,3,-1.0,1.0,1.0,0.0,1.0,1.0,0.0
shape_b16,rate_shape,3101,0.5,b622e934385346d3a6f976535b813d07af650846abe1011bc7644ca4a931f545,0,0,0.0,0.5,0.5,0.0,18,17,1.0,18,17,1.0,12,15,-3.0,1.0,1.0,0.0,1.0,1.0,0.0
spatial_local,matched_spatial,3201,0.75,2805554231a8e60e48f1025eff6df959935083a566656ba327d64e9c8b67ecb0,0,0,0.0,0.75,0.75,0.0,6,5,1.0,6,5,1.0,0,3,-3.0,1.0,1.0,0.0,1.0,1.0,0.0
spatial_dispersed,matched_spatial,3201,0.75,87ac5ad6f73f9e9e1be70aa6495acbe1cdf3f2bbff6c11d8afa5414f8d1680da,0,0,0.0,0.75,0.75,0.0,6,5,1.0,6,5,1.0,2,3,-1.0,1.0,1.0,0.0,1.0,1.0,0.0
spatial_local_mirror,matched_spatial,3201,0.75,1f9aca8d5cdefa0b8d81c98c7ae37b9cd1923b77ff1bdba7a6a3cda9b56cedc8,0,0,0.0,0.75,0.75,0.0,6,5,1.0,6,5,1.0,0,3,-3.0,1.0,1.0,0.0,1.0,1.0,0.0
moving_hotspot_single_s3301,moving_hotspot,3301,0.9,63645d3abae7210d74dbd16176bc5d4b17cb7d800eaefe59dfde721cd98eca5f,0,0,0.0,0.888184,0.888672,-0.00048800000000004395,3,2,1.0,3,2,1.0,0,0,0.0,1.0,1.0,0.0,1.0,1.0,0.0
moving_hotspot_single_s3302,moving_hotspot,3302,0.9,6eb1fd67c9ef8ec6327708525887893c08bdbe764ada3d98c1a7b7fec8c8fa04,0,0,0.0,0.891113,0.891602,-0.0004889999999999617,3,2,1.0,3,2,1.0,0,0,0.0,1.0,1.0,0.0,1.0,1.0,0.0
moving_hotspot_multi_disperse_s3301,moving_hotspot,3301,0.9,0ce16196ad82c5dba864ed678b2cab036d4a56b94fa99dda62da492d6ba6ec17,0,0,0.0,0.888184,0.888672,-0.00048800000000004395,3,2,1.0,3,2,1.0,0,0,0.0,1.0,1.0,0.0,1.0,1.0,0.0
moving_hotspot_multi_row_s3301,moving_hotspot,3301,0.9,d3bbf76b74a9bf981752f9021e09ebc683a50a163be2a92a71cd6b0c5892c4ab,0,0,0.0,0.888184,0.888672,-0.00048800000000004395,3,2,1.0,3,2,1.0,0,0,0.0,1.0,1.0,0.0,1.0,1.0,0.0
moving_hotspot_multi_column_s3301,moving_hotspot,3301,0.9,5538b98dc8bf9e3ac58f47cd1127cf59be0bf930f236ae82d3b225fe5a910f78,0,0,0.0,0.888184,0.888672,-0.00048800000000004395,3,2,1.0,3,2,1.0,0,0,0.0,1.0,1.0,0.0,1.0,1.0,0.0
rotating_victim_identity,rotating_victim,3401,1.025,3711822e5250bcf2917cedf6569e5f47f8a2af7d33fb467b744958d7941339e8,150,215,-65.0,0.991943,0.976318,0.015625,9,5,4.0,12,7,5.0,13,10,3.0,0.9998295904260663,0.9998003773400841,2.9213085982249254e-05,0.9390681003584229,0.9283154121863799,0.010752688172043001
rotating_victim_affine,rotating_victim,3401,1.025,36466f8c889421a738c8b97b38968b587abbbef1b7a6db003b88fcc6aca6e277,149,212,-63.0,0.991943,0.977295,0.014647999999999994,9,5,4.0,12,7,5.0,12,7,5.0,0.9998424613252815,0.9998445669713116,-2.105646030092778e-06,0.9431818181818182,0.9315589353612167,0.011622882820601532
phase_transition_s3501,phase_transition,3501,0.769,0c0d47f9559f5ca454a9a2b2c04918f63b9b6a2be7fd1c2385f916939f7bcb17,1015,1017,-2.0,0.518555,0.518066,0.0004889999999999617,20,14,6.0,21,16,5.0,15,15,0.0,0.9988238354686734,0.9979449712990733,0.0008788641696000354,0.6244343891402715,0.6108597285067874,0.013574660633484115
phase_transition_s3502,phase_transition,3502,0.769,1342bdafe2a9820d136b66d1afacb3f6f4eac672223adcf1d963a5edf0910d11,1013,1016,-3.0,0.525879,0.525146,0.0007329999999999837,20,14,6.0,21,16,5.0,15,15,0.0,0.9973576706338904,0.9984044012915885,-0.001046730657698114,0.6157407407407407,0.6157407407407407,0.0
elephant_mouse_identity,elephant_mouse,3601,0.9,0fbec1a87125b199ce8e5b389d108481e238d64d5e7a3a1ee6e74786d1b3fabb,0,0,0.0,0.891113,0.891602,-0.0004889999999999617,3,2,1.0,3,2,1.0,0,0,0.0,1.0,1.0,0.0,1.0,1.0,0.0
elephant_mouse_affine,elephant_mouse,3601,0.9,cbfdc0993396f30d16bb987ce381a324e53cbe852dce15bd0f5d95a687790c2d,0,0,0.0,0.891113,0.891602,-0.0004889999999999617,3,2,1.0,3,2,1.0,0,0,0.0,1.0,1.0,0.0,1.0,1.0,0.0
global_fanin_identity,global_fanin,3701,0.25,82d86a633f1359d484cc0b780b9b3447048cb76a122422e02da3bf0f6ff800ab,0,0,0.0,0.25,0.25,0.0,18,17,1.0,18,17,1.0,12,15,-3.0,1.0,1.0,0.0,1.0,1.0,0.0
retrigger_identity,retrigger,3801,0.25,0d381e1a6e3da84cbd146c231870879346f63996ebf95d138a8481b4a071d6b4,0,0,0.0,0.25,0.25,0.0,3,2,1.0,3,2,1.0,0,0,0.0,1.0,1.0,0.0,1.0,1.0,0.0
retrigger_affine,retrigger,3801,0.25,182e985be382ec997671a9f5b5a0532f4ed8138a22dbc826e8035ef1e2a99fa7,0,0,0.0,0.25,0.25,0.0,3,2,1.0,3,2,1.0,0,0,0.0,1.0,1.0,0.0,1.0,1.0,0.0
timing_pair_s3901,timing_pair,3901,0.625,ef7c353c2fb509b17ff8a2e133461c983f61d73ba877bea311d0eb7c2a9fd4b3,1,6,-5.0,0.61377,0.611816,0.0019540000000000113,4,3,1.0,5,4,1.0,5,4,1.0,0.9999918782649376,0.9998811685875049,0.00011070967743276316,0.9882352941176471,0.9571428571428572,0.031092436974789917
timing_pair_s3902,timing_pair,3902,0.625,04eeba16b1c8c90cc69a457e56b7319cb7361952d71ffc79f89800c3a139d73b,3,11,-8.0,0.622559,0.618652,0.003906999999999994,5,3,2.0,6,5,1.0,3,4,-1.0,0.9999671680339466,0.9999251795186584,4.1988515288138295e-05,0.9795918367346939,0.972972972972973,0.006618863761720828
