name,workload,report_group,trace_sha256,generated,source_overrun,accepted,delivered,errors,compressed_bits,raw_bits,compression_ratio,escape_ratio,same_tokens,run_tokens,delta_tokens,raw_tokens,link_bits_per_event,link_cycles,events_per_link_cycle,events_per_pin_cycle,data_toggles_per_event,toggle_proxy_per_event,raw_events_per_pin_cycle,raw_toggle_proxy_per_event,offered_bits_per_event,offered_compression_ratio,offered_escape_ratio,overrun_ratio,throughput,avg_e2e_latency,p95_e2e_latency,p99_e2e_latency,max_e2e_latency,avg_internal_latency,total_cycles
core_simultaneous_identity,basic_simultaneous,core_simultaneous_identity,a9a81664fc2117e72df8739b816eaffdeb8a4ab734576ab7c96336d0d232f045,16,0,16,16,0,52,64,1.2307692307692308,0.0625,0,0,15,1,3.25,34,0.47058823529411764,0.09411764705882353,3.875,9.9375,0.1,2.125,3.25,1.2307692307692308,0.0625,0.0,0.0625,38.0,68.0,68.0,68,8.9375,266
core_sparse_identity,basic_sparse,core_sparse_identity,5258daa401e16ffccfe80e47a7bc3b3dcf313883a2098929d129a178ec5e6b80,16,0,16,16,0,52,64,1.2307692307692308,0.0625,0,0,15,1,3.25,34,0.47058823529411764,0.09411764705882353,3.875,9.9375,0.1,2.125,3.25,1.2307692307692308,0.0625,0.0,0.03125,6.125,8.0,8.0,8,5.125,522
core_sparse_rotate180,basic_sparse,core_sparse_rotate180,afc988806e810c026947341813ec989570f1b469c0189c12f6e09b3faaa1e93f,16,0,16,16,0,52,64,1.2307692307692308,0.0625,0,0,15,1,3.25,34,0.47058823529411764,0.09411764705882353,4.0,10.0625,0.1,2.125,3.25,1.2307692307692308,0.0625,0.0,0.03125,6.125,8.0,8.0,8,5.125,522
elephant_mouse_affine,elephant_mouse,elephant_mouse_affine,cbfdc0993396f30d16bb987ce381a324e53cbe852dce15bd0f5d95a687790c2d,1827,1406,421,421,0,2150,1684,0.7832558139534884,0.5771971496437055,5,6,136,243,5.10688836104513,1262,0.3335974643423138,0.06671949286846275,3.8812351543942993,9.299287410926366,0.1,2.370546318289786,3.1039956212370003,1.2886616117086933,0.3158182813355227,0.7695675971538041,0.202148,29.814727,50.0,59.0,66,12.558195,2087
elephant_mouse_identity,elephant_mouse,elephant_mouse_identity,0fbec1a87125b199ce8e5b389d108481e238d64d5e7a3a1ee6e74786d1b3fabb,1827,1410,417,417,0,2175,1668,0.766896551724138,0.5971223021582733,0,9,126,249,5.215827338129497,1275,0.3270588235294118,0.06541176470588235,3.448441247002398,8.899280575539569,0.1,1.6115107913669064,3.1915708812260535,1.2533013205282113,0.337712096332786,0.7717569786535303,0.200195,31.165468,55.0,58.0,65,12.623501,2089
global_fanin_identity,global_fanin,global_fanin_identity,82d86a633f1359d484cc0b780b9b3447048cb76a122422e02da3bf0f6ff800ab,512,14,498,498,0,1622,1992,1.2281134401972873,0.0642570281124498,0,0,466,32,3.2570281124497993,1060,0.469811320754717,0.0939622641509434,3.8714859437751006,9.873493975903614,0.1,2.0,3.25,1.2307692307692308,0.0625,0.02734375,0.242188,42.827309,72.0,74.0,74,9.242972,2067
moving_hotspot_multi_column_s3301,moving_hotspot,moving_hotspot_multi_column,5538b98dc8bf9e3ac58f47cd1127cf59be0bf930f236ae82d3b225fe5a910f78,1821,1373,448,448,0,1956,1792,0.9161554192229039,0.34151785714285715,0,0,295,153,4.366071428571429,1202,0.37271214642262895,0.07454242928452579,3.9151785714285716,9.917410714285714,0.1,1.9776785714285714,5.952224052718287,0.6720177138112372,0.7979132344865458,0.7539813289401428,0.213867,47.299107,70.0,73.0,77,10.350446,2109
moving_hotspot_multi_disperse_s3301,moving_hotspot,moving_hotspot_multi_disperse,0ce16196ad82c5dba864ed678b2cab036d4a56b94fa99dda62da492d6ba6ec17,1821,1371,450,450,0,1942,1800,0.9268795056642637,0.3288888888888889,0,0,302,148,4.315555555555555,1196,0.3762541806020067,0.07525083612040134,3.902222222222222,9.904444444444444,0.1,1.9733333333333334,5.772103239978034,0.6929882979735515,0.7528830313014827,0.7528830313014827,0.214844,47.235556,70.0,73.0,77,10.3,2107
moving_hotspot_multi_row_s3301,moving_hotspot,moving_hotspot_multi_row,d3bbf76b74a9bf981752f9021e09ebc683a50a163be2a92a71cd6b0c5892c4ab,1821,1370,451,451,0,1909,1804,0.9449973808276585,0.3082039911308204,0,0,312,139,4.232815964523281,1180,0.3822033898305085,0.0764406779661017,3.893569844789357,9.89578713968958,0.1,2.008869179600887,5.101043382756727,0.7841532996016795,0.5853926414058209,0.7523338824821527,0.216309,45.405765,67.0,71.0,73,10.217295,2093
moving_hotspot_single_s3301,moving_hotspot,moving_hotspot_single,63645d3abae7210d74dbd16176bc5d4b17cb7d800eaefe59dfde721cd98eca5f,1821,1410,411,411,0,2131,1644,0.7714687939934303,0.5644768856447688,0,3,163,232,5.184914841849149,1263,0.3254156769596199,0.065083135391924,3.849148418491484,9.637469586374696,0.1,1.9124087591240877,3.298187808896211,1.2127872127872128,0.34761120263591433,0.7742998352553542,0.197754,31.819951,54.0,61.0,69,11.6691,2091
moving_hotspot_single_s3302,moving_hotspot,moving_hotspot_single,6eb1fd67c9ef8ec6327708525887893c08bdbe764ada3d98c1a7b7fec8c8fa04,1827,1416,411,411,0,2155,1644,0.762877030162413,0.5766423357664233,1,7,151,237,5.24330900243309,1271,0.3233674272226593,0.06467348544453186,3.781021897810219,9.481751824817518,0.1,2.1362530413625302,3.140120415982485,1.2738364999128464,0.3163656267104543,0.7750410509031199,0.197754,31.323601,54.0,61.0,65,11.798054,2091
phase_transition_s3501,phase_transition,phase_transition,0c0d47f9559f5ca454a9a2b2c04918f63b9b6a2be7fd1c2385f916939f7bcb17,3139,2468,671,671,0,2745,2684,0.9777777777777777,0.2757078986587183,4,0,482,185,4.090909090909091,1704,0.3937793427230047,0.07875586854460094,3.9135618479880776,9.86736214605067,0.1,2.0268256333830106,6.29308697037273,0.6356181026627519,0.8413507486460656,0.7862376553042371,0.163818,50.536513,75.0,76.0,77,9.301043,4106
phase_transition_s3502,phase_transition,phase_transition,1342bdafe2a9820d136b66d1afacb3f6f4eac672223adcf1d963a5edf0910d11,3167,2474,693,693,0,2753,2772,1.0069015619324373,0.25396825396825395,15,0,502,176,3.9725829725829724,1719,0.4031413612565445,0.0806282722513089,3.803751803751804,9.727272727272727,0.1,1.9884559884559885,6.223871171455636,0.6426868246156968,0.8275970950426271,0.7811809283233344,0.169189,48.854257,75.0,77.0,78,9.359307,4106
retrigger_affine,retrigger,retrigger_affine,182e985be382ec997671a9f5b5a0532f4ed8138a22dbc826e8035ef1e2a99fa7,512,0,512,512,0,1591,2048,1.2872407291011942,0.21875,0,128,13,112,3.107421875,858,0.5967365967365967,0.11934731934731935,1.6953125,3.673828125,0.1,1.8828125,3.072265625,1.301970756516211,0.21875,0.0,0.25,13.703125,15.0,15.0,15,12.703125,2058
retrigger_identity,retrigger,retrigger_identity,0d381e1a6e3da84cbd146c231870879346f63996ebf95d138a8481b4a071d6b4,512,0,512,512,0,1583,2048,1.293746051800379,0.21484375,0,128,15,110,3.091796875,854,0.5995316159250585,0.11990632318501171,1.72265625,3.701171875,0.1,2.140625,3.056640625,1.3086261980830671,0.21484375,0.0,0.25,13.671875,15.0,15.0,15,12.671875,2058
rotating_victim_affine,rotating_victim,rotating_victim_affine,36466f8c889421a738c8b97b38968b587abbbef1b7a6db003b88fcc6aca6e277,4217,3224,993,993,0,3347,3972,1.1867343890050792,0.09264853977844914,0,0,901,92,3.3705941591137965,2170,0.4576036866359447,0.09152073732718893,3.877139979859013,9.878147029204431,0.1,2.0,6.2549205596395545,0.6394965310687342,0.834005216978895,0.7645245435143467,0.239014,60.547835,75.0,76.0,77,9.363545,4167
rotating_victim_identity,rotating_victim,rotating_victim_identity,3711822e5250bcf2917cedf6569e5f47f8a2af7d33fb467b744958d7941339e8,4217,3223,994,994,0,3338,3976,1.1911324146195326,0.08953722334004025,0,0,905,89,3.358148893360161,2166,0.45891043397968606,0.09178208679593722,3.885311871227364,9.886317907444669,0.1,2.0,6.2549205596395545,0.6394965310687342,0.834005216978895,0.7642874081100308,0.239502,60.432596,75.0,76.0,77,9.351107,4165
shape_b1,rate_shape,shape_b1,6b4e2984771d7c23dd6bc68e01e9125d72e68af24afdd70a38988bf0b6be0bf4,2048,1043,1005,1005,0,3283,4020,1.2244897959183674,0.06666666666666667,0,0,938,67,3.2666666666666666,2144,0.46875,0.09375,3.872636815920398,9.873631840796019,0.1,2.0019900497512437,3.251953125,1.23003003003003,0.06298828125,0.50927734375,0.241943,59.167164,74.0,75.0,77,9.258706,4166
shape_b16,rate_shape,shape_b16,b622e934385346d3a6f976535b813d07af650846abe1011bc7644ca4a931f545,2048,1053,995,995,0,3237,3980,1.2295335186901453,0.06331658291457286,0,0,932,63,3.2532663316582915,2116,0.47022684310018903,0.0940453686200378,3.8733668341708545,9.874371859296483,0.1,2.0,3.251953125,1.23003003003003,0.06298828125,0.51416015625,0.240234,59.502513,74.0,75.0,77,9.248241,4148
shape_b4,rate_shape,shape_b4,90eb9c4173de5cf92d98bbb70512b3f3bb7a1aff94803c4e7f4d4d73f8ef59b7,2048,1046,1002,1002,0,3266,4008,1.2271892222902634,0.06487025948103792,0,0,937,65,3.259481037924152,2134,0.46954076850984067,0.09390815370196813,3.87624750499002,9.877245508982035,0.1,2.003992015968064,3.251953125,1.23003003003003,0.06298828125,0.5107421875,0.241699,59.202595,74.0,75.0,77,9.254491,4156
spatial_dispersed,matched_spatial,spatial_dispersed,87ac5ad6f73f9e9e1be70aa6495acbe1cdf3f2bbff6c11d8afa5414f8d1680da,1536,1191,345,345,0,2415,1380,0.5714285714285714,1.0,0,0,0,345,7.0,1380,0.25,0.05,2.9971014492753625,9.0,0.1,1.5014492753623188,7.0,0.5714285714285714,1.0,0.775390625,0.166016,34.576812,37.0,37.0,37,12.97971,2086
spatial_local,matched_spatial,spatial_local,2805554231a8e60e48f1025eff6df959935083a566656ba327d64e9c8b67ecb0,1536,1123,413,413,0,2067,1652,0.799225931301403,0.5012106537530266,0,0,206,207,5.004842615012106,1240,0.33306451612903226,0.06661290322580646,3.9951573849878934,9.997578692493947,0.1,2.0048426150121066,5.5,0.7272727272727273,0.625,0.7311197916666666,0.199219,28.668281,31.0,31.0,31,10.987893,2082
spatial_local_mirror,matched_spatial,spatial_local_mirror,1f9aca8d5cdefa0b8d81c98c7ae37b9cd1923b77ff1bdba7a6a3cda9b56cedc8,1536,1123,413,413,0,2067,1652,0.799225931301403,0.5012106537530266,0,0,206,207,5.004842615012106,1240,0.33306451612903226,0.06661290322580646,3.9951573849878934,9.997578692493947,0.1,2.0048426150121066,5.5,0.7272727272727273,0.625,0.7311197916666666,0.199219,28.668281,31.0,31.0,31,10.987893,2082
timing_pair_s3901,timing_pair,timing_pair,ef7c353c2fb509b17ff8a2e133461c983f61d73ba877bea311d0eb7c2a9fd4b3,1259,774,485,485,0,1751,1940,1.1079383209594518,0.15257731958762888,0,0,411,74,3.6103092783505155,1118,0.4338103756708408,0.08676207513416816,3.8845360824742268,9.88659793814433,0.1,2.028865979381443,6.24702144559174,0.6403051493960585,0.8339952343129468,0.6147736298649722,0.231445,52.894845,72.0,75.0,77,9.595876,2104
timing_pair_s3902,timing_pair,timing_pair,04eeba16b1c8c90cc69a457e56b7319cb7361952d71ffc79f89800c3a139d73b,1279,786,493,493,0,1743,1972,1.1313826735513481,0.13387423935091278,0,0,427,66,3.535496957403651,1118,0.4409660107334526,0.08819320214669052,3.898580121703854,9.900608519269777,0.1,2.0081135902636915,6.169663799843628,0.6483335445444177,0.818608287724785,0.6145426114151681,0.233887,52.957404,73.0,76.0,77,9.515213,2116
uniform_l0p125_s2001,uniform,uniform,850e064e2dfe61567e4fd275fb2c200ec23b995f810f4fa40c87322e640e4ffc,251,1,250,250,0,1510,1000,0.6622516556291391,0.796,18,0,33,199,6.04,874,0.28604118993135014,0.057208237986270026,3.712,9.428,0.1,1.944,6.0199203187251,0.6644606221045665,0.7888446215139442,0.00398406374501992,0.12207,10.828,19.0,27.0,31,8.984,2058
uniform_l0p125_s2002,uniform,uniform,e1a7cdc62d914a7e0b92d4cd3e9d7289655e8ad0eb27b513b6859bef694c741d,261,6,255,255,0,1575,1020,0.6476190476190476,0.8156862745098039,11,0,36,208,6.176470588235294,913,0.2792990142387733,0.05585980284775466,3.631372549019608,9.501960784313725,0.1,2.023529411764706,6.095785440613027,0.6561910747957259,0.8007662835249042,0.022988505747126436,0.124512,11.843137,23.0,32.0,39,9.32549,2058
uniform_l0p125_s2003,uniform,uniform,cecd8707640657715f9b69c57640a49aa5777bb7d3aea61d7038e07b114f9528,231,1,230,230,0,1410,920,0.6524822695035462,0.808695652173913,12,0,32,186,6.130434782608695,818,0.28117359413202936,0.05623471882640587,3.6608695652173915,9.508695652173913,0.1,1.9478260869565218,6.142857142857143,0.6511627906976745,0.8138528138528138,0.004329004329004329,0.112305,11.33913,24.0,31.0,31,9.069565,2058
uniform_l0p50_s2001,uniform,uniform,5e897c984eaf929c1b3af994c9776a5d776abc82e78b2660bb90ea5169cb76ab,982,514,468,468,0,1848,1872,1.0129870129870129,0.23717948717948717,0,0,357,111,3.948717948717949,1158,0.40414507772020725,0.08082901554404145,3.9188034188034186,9.92094017094017,0.1,2.0128205128205128,6.141547861507128,0.651301608356823,0.8156822810590632,0.5234215885947047,0.223145,47.705128,69.0,74.0,75,9.931624,2105
uniform_l0p50_s2002,uniform,uniform,a3049c9c22c391dd3447362a260e149dd12da4debd43ddb8dc452de01d2fc6e2,1038,565,473,473,0,1851,1892,1.02215018908698,0.22832980972515857,0,0,365,108,3.9133192389006344,1162,0.4070567986230637,0.08141135972461273,3.86892177589852,9.871035940803383,0.1,1.9788583509513742,6.240847784200385,0.640938561284347,0.8342967244701349,0.5443159922928709,0.223633,49.272727,71.0,75.0,77,9.900634,2120
uniform_l0p50_s2003,uniform,uniform,d5811bc9e953d5e617818235b119d302429f6edd99978315ad3d5195388672d1,1032,564,468,468,0,1852,1872,1.0107991360691144,0.23931623931623933,0,0,356,112,3.9572649572649574,1160,0.40344827586206894,0.08068965517241379,3.8675213675213675,9.86965811965812,0.1,1.9914529914529915,6.205426356589148,0.6445971267957527,0.8255813953488372,0.5465116279069767,0.223145,49.397436,69.0,73.0,75,9.942308,2107
uniform_l0p90_s2001,uniform,uniform,b5324f571be19993e812191adf744a5b7d0626b5a9030592d29e2e7ce401b4a8,1868,1367,501,501,0,1715,2004,1.1685131195335277,0.10578842315369262,0,0,448,53,3.4231536926147705,1108,0.45216606498194944,0.09043321299638989,3.8602794411177643,9.862275449101796,0.1,2.003992015968064,6.1338329764453965,0.6521207889684063,0.813169164882227,0.7317987152034261,0.237305,57.49501,74.0,75.0,77,9.413174,2121
uniform_l0p90_s2002,uniform,uniform,c2698ed1703f87d3f3081584c7f7ca7cfe2b345ce1e477247c70dbc1948bc569,1851,1350,501,501,0,1695,2004,1.1823008849557521,0.09580838323353294,0,0,453,48,3.3832335329341316,1098,0.4562841530054645,0.0912568306010929,3.8802395209580838,9.882235528942116,0.1,2.0,6.276066990815775,0.6373418266333821,0.8411669367909238,0.7293354943273906,0.238281,59.183633,75.0,76.0,77,9.373253,2111
uniform_l0p90_s2003,uniform,uniform,c11484a731935911ade2028a2c7bdce20604278c9f8862491166b3276a677be6,1837,1336,501,501,0,1687,2004,1.1879075281564908,0.09181636726546906,0,0,455,46,3.367265469061876,1094,0.4579524680073126,0.09159049360146253,3.900199600798403,9.902195608782435,0.1,2.003992015968064,6.172019597169298,0.6480860822014465,0.8225367446924333,0.7272727272727273,0.238281,57.275449,74.0,75.0,77,9.357285,2107
uniform_l1p00_s2001,uniform,uniform,8554d7917b4a06bbc2e0dd1fc3e06286182a0bf64dff8de01883d2674ecb737d,2048,1544,504,504,0,1692,2016,1.1914893617021276,0.08928571428571429,0,0,459,45,3.357142857142857,1098,0.45901639344262296,0.09180327868852459,3.876984126984127,9.878968253968255,0.1,1.996031746031746,6.22021484375,0.6430646047570453,0.83203125,0.75390625,0.239258,59.859127,75.0,76.0,77,9.347222,2117
uniform_l1p00_s2002,uniform,uniform,262f9f91597666910d43bfb5e4a6e9a999272207c22e07f0449ccac707348a5d,2048,1541,507,507,0,1685,2028,1.2035608308605341,0.08086785009861933,0,0,466,41,3.323471400394477,1096,0.4625912408759124,0.09251824817518248,3.873767258382643,9.875739644970414,0.1,2.0,6.13671875,0.6518141311266709,0.8125,0.75244140625,0.240234,60.22288,75.0,76.0,77,9.313609,2121
uniform_l1p00_s2003,uniform,uniform,513b8baed3695aed416b8c8fd15808cb5047b006e60bd606d439f73948a8b399,2048,1543,505,505,0,1687,2020,1.1973918197984588,0.08514851485148515,0,0,462,43,3.3405940594059405,1096,0.4607664233576642,0.09215328467153285,3.877227722772277,9.87920792079208,0.1,1.992079207920792,6.1416015625,0.6512959134997615,0.81591796875,0.75341796875,0.239746,60.093069,75.0,76.0,77,9.326733,2117
uniform_l1p25_s2001,uniform,uniform,a77a87fb0f1a081c183460d5f5f9274fd19114f0d4ae06d4c97360d243661090,2536,2027,509,509,0,1675,2036,1.2155223880597015,0.07269155206286837,0,0,472,37,3.2907662082514735,1092,0.4661172161172161,0.09322344322344323,3.8703339882121806,9.87229862475442,0.1,2.0157170923379173,6.2484227129337535,0.640161554966553,0.8339905362776026,0.7992902208201893,0.240723,62.263261,75.0,77.0,77,9.280943,2121
uniform_l1p25_s2002,uniform,uniform,d73514e45ecfec672b2f2034c9ccf1f6c7d040e4ca228015c2fb664a81c4f5bb,2574,2069,505,505,0,1687,2020,1.1973918197984588,0.08514851485148515,0,0,462,43,3.3405940594059405,1096,0.4607664233576642,0.09215328467153285,3.893069306930693,9.895049504950496,0.1,2.015841584158416,6.2466977466977465,0.6403383294981031,0.8356643356643356,0.8038073038073038,0.239746,61.861386,75.0,77.0,77,9.330693,2117
uniform_l1p25_s2003,uniform,uniform,d3076dbcc97c3b9b10136be192181528eee8bf0ad2d07549effd1c1cf7d33ddb,2550,2043,507,507,0,1665,2028,1.218018018018018,0.07100591715976332,0,0,471,36,3.2840236686390534,1086,0.46685082872928174,0.09337016574585635,3.8698224852071004,9.871794871794872,0.1,2.0039447731755424,6.280784313725491,0.6368631368631369,0.8450980392156863,0.8011764705882353,0.241211,62.272189,75.0,77.0,77,9.274162,2111
uniform_l1p50_s2001,uniform,uniform,7653c20cb03953592a0727f73ee66761a6e719d06019234cf61fd4e471393839,3039,2530,509,509,0,1667,2036,1.2213557288542292,0.068762278978389,0,0,474,35,3.275049115913556,1088,0.4678308823529412,0.09356617647058824,3.8703339882121806,9.87229862475442,0.1,2.011787819253438,6.294504771306351,0.6354749333472738,0.8423823626192827,0.8325106943073379,0.241699,64.37721,75.0,76.0,77,9.265226,2117
uniform_l1p50_s2002,uniform,uniform,6193ccd24af9f7c182b3a2fa6f355d6a2c210bd43476bca8e2242897ae1ee8ab,3094,2586,508,508,0,1676,2032,1.2124105011933175,0.07480314960629922,0,0,470,38,3.2992125984251968,1092,0.4652014652014652,0.09304029304029304,3.877952755905512,9.87992125984252,0.1,2.0118110236220472,6.310924369747899,0.6338215712383488,0.8464770523594053,0.8358112475759535,0.240723,65.086614,75.0,77.0,77,9.285433,2119
uniform_l1p50_s2003,uniform,uniform,d301da0e4dba7a64c4c1154fe617612368d3908779bf3204be5471bfae847bad,3045,2536,509,509,0,1671,2036,1.2184320766008379,0.07072691552062868,0,0,473,36,3.282907662082515,1090,0.4669724770642202,0.09339449541284403,3.8781925343811396,9.880157170923379,0.1,2.0039292730844793,6.243349753694582,0.6406817105886066,0.8344827586206897,0.8328407224958949,0.241211,64.261297,75.0,77.0,77,9.273084,2119
uniform_l2p00_s2001,uniform,uniform,5ee63712c80a14a42901e2bc6c7fab121eb129ba12be16c615f8228e3944f627,4096,3586,510,510,0,1678,2040,1.2157330154946364,0.07254901960784314,0,0,473,37,3.2901960784313724,1094,0.46617915904936014,0.09323583180987204,3.8745098039215686,9.876470588235295,0.1,2.011764705882353,6.34033203125,0.630881786676935,0.849609375,0.87548828125,0.241211,66.880392,75.0,77.0,79,9.280392,2125
uniform_l2p00_s2002,uniform,uniform,8b32d69a0ac8d591e810320510f1657d685fb0e79951b992035d82d50e9bb72a,4096,3588,508,508,0,1676,2032,1.2124105011933175,0.07480314960629922,0,0,470,38,3.2992125984251968,1092,0.4652014652014652,0.09304029304029304,3.877952755905512,9.87992125984252,0.1,2.0039370078740157,6.298828125,0.6350387596899225,0.84130859375,0.8759765625,0.240723,67.165354,75.0,77.0,77,9.28937,2119
uniform_l2p00_s2003,uniform,uniform,ef15eb066fb4ee69eebae96d495e20f73def720bb5da5428d5480f603189d75d,4096,3584,512,512,0,1672,2048,1.2248803827751196,0.06640625,0,0,478,34,3.265625,1092,0.46886446886446886,0.09377289377289377,3.87109375,9.873046875,0.1,2.00390625,6.34912109375,0.6300084595862493,0.85302734375,0.875,0.241699,66.740234,75.0,77.0,77,9.255859,2127
